{"source":"online","requestId":"f4128ad0-7b3f-4c0e-9375-15bdb70b7310","timestamp":"2021-04-09T05:33:36.8033918Z","durationTicks":15805388,"duration":"PT1.5805388S","combinedRecognizedPhrases":[{"channel":0,"lexical":"kpis 's","itn":"kpis's","maskedItn":"kpis's","display":"Kpis's"}],"recognizedPhrases":[{"recognitionStatus":"Success","channel":0,"speaker":0,"offsetInTicks":7700000,"offset":"PT0.77S","durationInTicks":10200000,"duration":"PT1.02S","nBest":[{"confidence":0.6145725846290588,"lexical":"kpis 's","itn":"kpis's","maskedItn":"kpis's","display":"Kpis's","words":[{"confidence":0.4850307106971741,"lexical":"kpis","offsetInTicks":7700000,"offset":"PT0.77S","durationInTicks":5900000,"duration":"PT0.59S"},{"confidence":0.7953287363052368,"lexical":"'s","offsetInTicks":13700000,"offset":"PT1.37S","durationInTicks":4200000,"duration":"PT0.42S"}]},{"confidence":0.7025232315063477,"lexical":"kpis these","itn":"kpis these","maskedItn":"kpis these","display":"kpis these","words":[{"confidence":0.697837233543396,"lexical":"kpis","offsetInTicks":7700000,"offset":"PT0.77S","durationInTicks":7100000,"duration":"PT0.71S"},{"confidence":0.7134068012237549,"lexical":"these","offsetInTicks":14900000,"offset":"PT1.49S","durationInTicks":3000000,"duration":"PT0.3S"}]},{"confidence":0.6617949604988098,"lexical":"kpis dies","itn":"kpis dies","maskedItn":"kpis dies","display":"kpis dies","words":[{"confidence":0.7052430510520935,"lexical":"kpis","offsetInTicks":7700000,"offset":"PT0.77S","durationInTicks":7100000,"duration":"PT0.71S"},{"confidence":0.5608831644058228,"lexical":"dies","offsetInTicks":14900000,"offset":"PT1.49S","durationInTicks":3000000,"duration":"PT0.3S"}]},{"confidence":0.6308701634407043,"lexical":"kpis ds","itn":"kpis ds","maskedItn":"kpis ds","display":"kpis DS","words":[{"confidence":0.7052430510520935,"lexical":"kpis","offsetInTicks":7700000,"offset":"PT0.77S","durationInTicks":7100000,"duration":"PT0.71S"},{"confidence":0.4581332206726074,"lexical":"DS","offsetInTicks":14900000,"offset":"PT1.49S","durationInTicks":3000000,"duration":"PT0.3S"}]},{"confidence":0.6375360488891602,"lexical":"kpis bees","itn":"kpis bees","maskedItn":"kpis bees","display":"kpis bees","words":[{"confidence":0.6857262253761292,"lexical":"kpis","offsetInTicks":7700000,"offset":"PT0.77S","durationInTicks":7400000,"duration":"PT0.74S"},{"confidence":0.5084550380706787,"lexical":"bees","offsetInTicks":15200000,"offset":"PT1.52S","durationInTicks":2700000,"duration":"PT0.27S"}]}]}]}