{"source":"online","requestId":"362bbf1d-b8fb-41f0-b86a-edadbbddc366","timestamp":"2021-04-09T05:34:23.7537898Z","durationTicks":32869240,"duration":"PT3.286924S","combinedRecognizedPhrases":[{"channel":0,"lexical":"total meetings completed by setral","itn":"total meetings completed by setral","maskedItn":"total meetings completed by setral","display":"Total meetings completed by Setral."}],"recognizedPhrases":[{"recognitionStatus":"Success","channel":0,"speaker":0,"offsetInTicks":8500000,"offset":"PT0.85S","durationInTicks":22400000,"duration":"PT2.24S","nBest":[{"confidence":0.8078817129135132,"lexical":"total meetings completed by setral","itn":"total meetings completed by setral","maskedItn":"total meetings completed by setral","display":"Total meetings completed by Setral.","words":[{"confidence":0.8426686525344849,"lexical":"total","offsetInTicks":8500000,"offset":"PT0.85S","durationInTicks":5100000,"duration":"PT0.51S"},{"confidence":0.7527357935905457,"lexical":"meetings","offsetInTicks":13700000,"offset":"PT1.37S","durationInTicks":4100000,"duration":"PT0.41S"},{"confidence":0.839830219745636,"lexical":"completed","offsetInTicks":17900000,"offset":"PT1.79S","durationInTicks":5700000,"duration":"PT0.57S"},{"confidence":0.9323958158493042,"lexical":"by","offsetInTicks":23700000,"offset":"PT2.37S","durationInTicks":1500000,"duration":"PT0.15S"},{"confidence":0.7493196725845337,"lexical":"setral","offsetInTicks":25300000,"offset":"PT2.53S","durationInTicks":5600000,"duration":"PT0.56S"}]},{"confidence":0.7527607083320618,"lexical":"totale meetings completed by setral","itn":"totale meetings completed by setral","maskedItn":"totale meetings completed by setral","display":"totale meetings completed by setral","words":[{"confidence":0.573086678981781,"lexical":"totale","offsetInTicks":8500000,"offset":"PT0.85S","durationInTicks":5100000,"duration":"PT0.51S"},{"confidence":0.7912129163742065,"lexical":"meetings","offsetInTicks":13700000,"offset":"PT1.37S","durationInTicks":4100000,"duration":"PT0.41S"},{"confidence":0.839830219745636,"lexical":"completed","offsetInTicks":17900000,"offset":"PT1.79S","durationInTicks":5700000,"duration":"PT0.57S"},{"confidence":0.9323958158493042,"lexical":"by","offsetInTicks":23700000,"offset":"PT2.37S","durationInTicks":1500000,"duration":"PT0.15S"},{"confidence":0.7493196725845337,"lexical":"setral","offsetInTicks":25300000,"offset":"PT2.53S","durationInTicks":5600000,"duration":"PT0.56S"}]},{"confidence":0.7477753162384033,"lexical":"total matings completed by setral","itn":"total matings completed by setral","maskedItn":"total matings completed by setral","display":"total matings completed by setral","words":[{"confidence":0.8426686525344849,"lexical":"total","offsetInTicks":8500000,"offset":"PT0.85S","durationInTicks":5100000,"duration":"PT0.51S"},{"confidence":0.36671918630599976,"lexical":"matings","offsetInTicks":13700000,"offset":"PT1.37S","durationInTicks":4100000,"duration":"PT0.41S"},{"confidence":0.8861883878707886,"lexical":"completed","offsetInTicks":17900000,"offset":"PT1.79S","durationInTicks":5700000,"duration":"PT0.57S"},{"confidence":0.9323958158493042,"lexical":"by","offsetInTicks":23700000,"offset":"PT2.37S","durationInTicks":1500000,"duration":"PT0.15S"},{"confidence":0.7493196725845337,"lexical":"setral","offsetInTicks":25300000,"offset":"PT2.53S","durationInTicks":5600000,"duration":"PT0.56S"}]},{"confidence":0.805475115776062,"lexical":"total meeting 's completed by setral","itn":"total meeting 's completed by setral","maskedItn":"total meeting 's completed by setral","display":"total meeting 's completed by setral","words":[{"confidence":0.8426686525344849,"lexical":"total","offsetInTicks":8500000,"offset":"PT0.85S","durationInTicks":5100000,"duration":"PT0.51S"},{"confidence":0.7243302464485168,"lexical":"meeting","offsetInTicks":13700000,"offset":"PT1.37S","durationInTicks":3100000,"duration":"PT0.31S"},{"confidence":0.6245854496955872,"lexical":"'s","offsetInTicks":16900000,"offset":"PT1.69S","durationInTicks":900000,"duration":"PT0.09S"},{"confidence":0.8675812482833862,"lexical":"completed","offsetInTicks":17900000,"offset":"PT1.79S","durationInTicks":5700000,"duration":"PT0.57S"},{"confidence":0.9348608255386353,"lexical":"by","offsetInTicks":23700000,"offset":"PT2.37S","durationInTicks":1500000,"duration":"PT0.15S"},{"confidence":0.7493196725845337,"lexical":"setral","offsetInTicks":25300000,"offset":"PT2.53S","durationInTicks":5600000,"duration":"PT0.56S"}]},{"confidence":0.6925367116928101,"lexical":"totale matings completed by setral","itn":"totale matings completed by setral","maskedItn":"totale matings completed by setral","display":"totale matings completed by setral","words":[{"confidence":0.5715385675430298,"lexical":"totale","offsetInTicks":8500000,"offset":"PT0.85S","durationInTicks":5000000,"duration":"PT0.5S"},{"confidence":0.41032135486602783,"lexical":"matings","offsetInTicks":13600000,"offset":"PT1.36S","durationInTicks":4200000,"duration":"PT0.42S"},{"confidence":0.8861883878707886,"lexical":"completed","offsetInTicks":17900000,"offset":"PT1.79S","durationInTicks":5700000,"duration":"PT0.57S"},{"confidence":0.9323958158493042,"lexical":"by","offsetInTicks":23700000,"offset":"PT2.37S","durationInTicks":1500000,"duration":"PT0.15S"},{"confidence":0.7493196725845337,"lexical":"setral","offsetInTicks":25300000,"offset":"PT2.53S","durationInTicks":5600000,"duration":"PT0.56S"}]}]}]}