{"source":"online","requestId":"ccbbe9b1-48d2-48da-807a-2674cf15bb7f","timestamp":"2021-04-09T05:34:14.5584411Z","durationTicks":30360185,"duration":"PT3.0360185S","combinedRecognizedPhrases":[{"channel":0,"lexical":"set an setral","itn":"set an setral","maskedItn":"set an setral","display":"Set an setral."}],"recognizedPhrases":[{"recognitionStatus":"Success","channel":0,"speaker":0,"offsetInTicks":11200000,"offset":"PT1.12S","durationInTicks":17100000,"duration":"PT1.71S","nBest":[{"confidence":0.7071081399917603,"lexical":"set an setral","itn":"set an setral","maskedItn":"set an setral","display":"Set an setral.","words":[{"confidence":0.7928682565689087,"lexical":"set","offsetInTicks":11200000,"offset":"PT1.12S","durationInTicks":3900000,"duration":"PT0.39S"},{"confidence":0.8761613368988037,"lexical":"an","offsetInTicks":15200000,"offset":"PT1.52S","durationInTicks":2400000,"duration":"PT0.24S"},{"confidence":0.5977262854576111,"lexical":"setral","offsetInTicks":21400000,"offset":"PT2.14S","durationInTicks":6900000,"duration":"PT0.69S"}]},{"confidence":0.5194147229194641,"lexical":"settle settle","itn":"settle settle","maskedItn":"settle settle","display":"settle settle","words":[{"confidence":0.3870837986469269,"lexical":"settle","offsetInTicks":11200000,"offset":"PT1.12S","durationInTicks":6400000,"duration":"PT0.64S"},{"confidence":0.7024255990982056,"lexical":"settle","offsetInTicks":21400000,"offset":"PT2.14S","durationInTicks":4600000,"duration":"PT0.46S"}]},{"confidence":0.7172389030456543,"lexical":"set and setting","itn":"set and setting","maskedItn":"set and setting","display":"set and setting","words":[{"confidence":0.7928682565689087,"lexical":"set","offsetInTicks":11200000,"offset":"PT1.12S","durationInTicks":3900000,"duration":"PT0.39S"},{"confidence":0.6251747608184814,"lexical":"and","offsetInTicks":15200000,"offset":"PT1.52S","durationInTicks":2400000,"duration":"PT0.24S"},{"confidence":0.7024722099304199,"lexical":"setting","offsetInTicks":21400000,"offset":"PT2.14S","durationInTicks":4800000,"duration":"PT0.48S"}]},{"confidence":0.7453569173812866,"lexical":"set an set","itn":"set an set","maskedItn":"set an set","display":"set an set","words":[{"confidence":0.7928682565689087,"lexical":"set","offsetInTicks":11200000,"offset":"PT1.12S","durationInTicks":3900000,"duration":"PT0.39S"},{"confidence":0.8761613368988037,"lexical":"an","offsetInTicks":15200000,"offset":"PT1.52S","durationInTicks":2400000,"duration":"PT0.24S"},{"confidence":0.6222483515739441,"lexical":"set","offsetInTicks":21400000,"offset":"PT2.14S","durationInTicks":4100000,"duration":"PT0.41S"}]},{"confidence":0.546415388584137,"lexical":"setting setting","itn":"setting setting","maskedItn":"setting setting","display":"setting setting","words":[{"confidence":0.5367982983589172,"lexical":"setting","offsetInTicks":11200000,"offset":"PT1.12S","durationInTicks":6400000,"duration":"PT0.64S"},{"confidence":0.5591727495193481,"lexical":"setting","offsetInTicks":21400000,"offset":"PT2.14S","durationInTicks":4800000,"duration":"PT0.48S"}]}]}]}